{
  "Author": "baronvonfonz",
  "Name": "MahjongReader",
  "InternalName": "MahjongReader",
  "AssemblyVersion": "0.0.0.1",
  "Description": "Track your Mahjong games for later review.",
  "ApplicableVersion": "any",
  "RepoUrl": "https://github.com/baronvonfonz/FFXIVMahjongReader",
  "Tags": [
    "mahjong"
  ],
  "DalamudApiLevel": 12,
  "LoadRequiredState": 0,
  "LoadSync": false,
  "CanUnloadAsync": false,
  "LoadPriority": 0,
  "IconUrl": "",
  "Punchline": "Track your Mahjong games for later review.",
  "AcceptsFeedback": true
}